message;severity;node;stamp;location
"Oh no! I hit the wall! (Clamping from [x=11.113281, y=7.284311])";"30";"turtlesim3.sim3";"1759148571.774430716";"./src/turtle.cpp:update:288"
"Oh no! I hit the wall! (Clamping from [x=11.113281, y=7.263599])";"30";"turtlesim3.sim3";"1759148571.758875233";"./src/turtle.cpp:update:288"
"Oh no! I hit the wall! (Clamping from [x=11.113281, y=7.242886])";"30";"turtlesim3.sim3";"1759148571.743086064";"./src/turtle.cpp:update:288"
"Oh no! I hit the wall! (Clamping from [x=11.113281, y=7.284311])";"30";"turtlesim2.sim2";"1759148571.734172683";"./src/turtle.cpp:update:288"
"Oh no! I hit the wall! (Clamping from [x=11.113281, y=7.222173])";"30";"turtlesim3.sim3";"1759148571.726477946";"./src/turtle.cpp:update:288"
"Oh no! I hit the wall! (Clamping from [x=11.113281, y=7.263599])";"30";"turtlesim2.sim2";"1759148571.718339165";"./src/turtle.cpp:update:288"
"Oh no! I hit the wall! (Clamping from [x=11.113281, y=7.284311])";"30";"turtlesim1.sim1";"1759148571.717915513";"./src/turtle.cpp:update:288"
"Oh no! I hit the wall! (Clamping from [x=11.113281, y=7.201461])";"30";"turtlesim3.sim3";"1759148571.710911429";"./src/turtle.cpp:update:288"
"Oh no! I hit the wall! (Clamping from [x=11.113281, y=7.263599])";"30";"turtlesim1.sim1";"1759148571.702218952";"./src/turtle.cpp:update:288"
"Oh no! I hit the wall! (Clamping from [x=11.113281, y=7.242886])";"30";"turtlesim2.sim2";"1759148571.702090586";"./src/turtle.cpp:update:288"
"Oh no! I hit the wall! (Clamping from [x=11.113281, y=7.035759])";"30";"turtlesim2.sim2";"1759148571.541691624";"./src/turtle.cpp:update:288"
"Oh no! I hit the wall! (Clamping from [x=11.113281, y=6.787207])";"30";"turtlesim1.sim1";"1759148571.334109465";"./src/turtle.cpp:update:288"
"Oh no! I hit the wall! (Clamping from [x=11.113281, y=6.704356])";"30";"turtlesim3.sim3";"1759148571.327312527";"./src/turtle.cpp:update:288"
"Oh no! I hit the wall! (Clamping from [x=11.113281, y=6.766494])";"30";"turtlesim1.sim1";"1759148571.318420866";"./src/turtle.cpp:update:288"
"Oh no! I hit the wall! (Clamping from [x=11.113281, y=6.745781])";"30";"turtlesim2.sim2";"1759148571.318193675";"./src/turtle.cpp:update:288"
"Oh no! I hit the wall! (Clamping from [x=11.113281, y=6.683643])";"30";"turtlesim3.sim3";"1759148571.310725292";"./src/turtle.cpp:update:288"
"Oh no! I hit the wall! (Clamping from [x=11.113281, y=6.725068])";"30";"turtlesim2.sim2";"1759148571.302137786";"./src/turtle.cpp:update:288"
"Oh no! I hit the wall! (Clamping from [x=11.113281, y=6.745781])";"30";"turtlesim1.sim1";"1759148571.301695417";"./src/turtle.cpp:update:288"
"Oh no! I hit the wall! (Clamping from [x=11.113281, y=6.662930])";"30";"turtlesim3.sim3";"1759148571.295140476";"./src/turtle.cpp:update:288"
"Oh no! I hit the wall! (Clamping from [x=11.113281, y=6.725068])";"30";"turtlesim1.sim1";"1759148571.286048862";"./src/turtle.cpp:update:288"
"Oh no! I hit the wall! (Clamping from [x=11.113281, y=6.704356])";"30";"turtlesim2.sim2";"1759148571.285634219";"./src/turtle.cpp:update:288"
"Oh no! I hit the wall! (Clamping from [x=11.113281, y=6.642218])";"30";"turtlesim3.sim3";"1759148571.278527609";"./src/turtle.cpp:update:288"
"Oh no! I hit the wall! (Clamping from [x=11.113281, y=6.704356])";"30";"turtlesim1.sim1";"1759148571.270298244";"./src/turtle.cpp:update:288"
"Oh no! I hit the wall! (Clamping from [x=11.113281, y=6.683643])";"30";"turtlesim2.sim2";"1759148571.270008267";"./src/turtle.cpp:update:288"
"Oh no! I hit the wall! (Clamping from [x=11.113281, y=6.621505])";"30";"turtlesim3.sim3";"1759148571.262982183";"./src/turtle.cpp:update:288"
"Oh no! I hit the wall! (Clamping from [x=11.113281, y=6.683643])";"30";"turtlesim1.sim1";"1759148571.254512428";"./src/turtle.cpp:update:288"
"Oh no! I hit the wall! (Clamping from [x=11.113281, y=6.662930])";"30";"turtlesim2.sim2";"1759148571.253640051";"./src/turtle.cpp:update:288"
"Oh no! I hit the wall! (Clamping from [x=11.113281, y=6.600792])";"30";"turtlesim3.sim3";"1759148571.246398230";"./src/turtle.cpp:update:288"
"Oh no! I hit the wall! (Clamping from [x=11.113281, y=6.662930])";"30";"turtlesim1.sim1";"1759148571.237769728";"./src/turtle.cpp:update:288"
"Oh no! I hit the wall! (Clamping from [x=11.113281, y=6.642218])";"30";"turtlesim2.sim2";"1759148571.237709176";"./src/turtle.cpp:update:288"
"Oh no! I hit the wall! (Clamping from [x=11.113281, y=6.580080])";"30";"turtlesim3.sim3";"1759148571.230851756";"./src/turtle.cpp:update:288"
"Oh no! I hit the wall! (Clamping from [x=11.113281, y=6.642218])";"30";"turtlesim1.sim1";"1759148571.222056335";"./src/turtle.cpp:update:288"
"Oh no! I hit the wall! (Clamping from [x=11.113281, y=6.621505])";"30";"turtlesim1.sim1";"1759148571.206278341";"./src/turtle.cpp:update:288"
"Oh no! I hit the wall! (Clamping from [x=11.113281, y=6.600792])";"30";"turtlesim2.sim2";"1759148571.206040674";"./src/turtle.cpp:update:288"
"Oh no! I hit the wall! (Clamping from [x=11.113281, y=6.538654])";"30";"turtlesim3.sim3";"1759148571.198713019";"./src/turtle.cpp:update:288"
"Oh no! I hit the wall! (Clamping from [x=11.113281, y=6.600792])";"30";"turtlesim1.sim1";"1759148571.189631881";"./src/turtle.cpp:update:288"
"Oh no! I hit the wall! (Clamping from [x=11.113281, y=6.580080])";"30";"turtlesim2.sim2";"1759148571.189433185";"./src/turtle.cpp:update:288"
"Oh no! I hit the wall! (Clamping from [x=11.113281, y=6.517941])";"30";"turtlesim3.sim3";"1759148571.183129669";"./src/turtle.cpp:update:288"
"Oh no! I hit the wall! (Clamping from [x=11.113281, y=6.580080])";"30";"turtlesim1.sim1";"1759148571.173962558";"./src/turtle.cpp:update:288"
"Oh no! I hit the wall! (Clamping from [x=11.113281, y=6.559367])";"30";"turtlesim1.sim1";"1759148571.158325082";"./src/turtle.cpp:update:288"
"Oh no! I hit the wall! (Clamping from [x=11.113281, y=6.538654])";"30";"turtlesim2.sim2";"1759148571.157383494";"./src/turtle.cpp:update:288"
"Oh no! I hit the wall! (Clamping from [x=11.113281, y=6.476516])";"30";"turtlesim3.sim3";"1759148571.150976964";"./src/turtle.cpp:update:288"
"Oh no! I hit the wall! (Clamping from [x=11.113281, y=6.538654])";"30";"turtlesim1.sim1";"1759148571.142562941";"./src/turtle.cpp:update:288"
"Oh no! I hit the wall! (Clamping from [x=11.113281, y=6.290102])";"30";"turtlesim3.sim3";"1759148571.006865762";"./src/turtle.cpp:update:288"
"Oh no! I hit the wall! (Clamping from [x=11.113281, y=6.352240])";"30";"turtlesim1.sim1";"1759148570.998514457";"./src/turtle.cpp:update:288"
"Oh no! I hit the wall! (Clamping from [x=11.113281, y=6.331527])";"30";"turtlesim2.sim2";"1759148570.997711292";"./src/turtle.cpp:update:288"
"Oh no! I hit the wall! (Clamping from [x=11.113281, y=6.269389])";"30";"turtlesim3.sim3";"1759148570.991160472";"./src/turtle.cpp:update:288"
"Oh no! I hit the wall! (Clamping from [x=11.113281, y=6.331527])";"30";"turtlesim1.sim1";"1759148570.982491183";"./src/turtle.cpp:update:288"
"Oh no! I hit the wall! (Clamping from [x=11.113281, y=6.227964])";"30";"turtlesim1.sim1";"1759148570.902543900";"./src/turtle.cpp:update:288"
"Oh no! I hit the wall! (Clamping from [x=11.113281, y=6.207251])";"30";"turtlesim2.sim2";"1759148570.902029804";"./src/turtle.cpp:update:288"
"Oh no! I hit the wall! (Clamping from [x=11.113281, y=6.145113])";"30";"turtlesim3.sim3";"1759148570.894791266";"./src/turtle.cpp:update:288"
"Oh no! I hit the wall! (Clamping from [x=11.113281, y=6.207251])";"30";"turtlesim1.sim1";"1759148570.886746490";"./src/turtle.cpp:update:288"
"Oh no! I hit the wall! (Clamping from [x=11.113281, y=6.186538])";"30";"turtlesim2.sim2";"1759148570.885592307";"./src/turtle.cpp:update:288"
"Oh no! I hit the wall! (Clamping from [x=11.113281, y=6.124400])";"30";"turtlesim3.sim3";"1759148570.879011596";"./src/turtle.cpp:update:288"
"Oh no! I hit the wall! (Clamping from [x=11.113281, y=6.186538])";"30";"turtlesim1.sim1";"1759148570.870173084";"./src/turtle.cpp:update:288"
"Oh no! I hit the wall! (Clamping from [x=11.113281, y=6.041549])";"30";"turtlesim3.sim3";"1759148570.814765971";"./src/turtle.cpp:update:288"
"Oh no! I hit the wall! (Clamping from [x=11.113281, y=6.082975])";"30";"turtlesim2.sim2";"1759148570.806070352";"./src/turtle.cpp:update:288"
"Oh no! I hit the wall! (Clamping from [x=11.113281, y=5.917273])";"30";"turtlesim3.sim3";"1759148570.719204399";"./src/turtle.cpp:update:288"
"Oh no! I hit the wall! (Clamping from [x=11.113281, y=5.958699])";"30";"turtlesim2.sim2";"1759148570.710112855";"./src/turtle.cpp:update:288"
"Oh no! I hit the wall! (Clamping from [x=11.113281, y=5.979411])";"30";"turtlesim1.sim1";"1759148570.709951733";"./src/turtle.cpp:update:288"
"Oh no! I hit the wall! (Clamping from [x=11.113281, y=5.896560])";"30";"turtlesim3.sim3";"1759148570.703456157";"./src/turtle.cpp:update:288"
"Oh no! I hit the wall! (Clamping from [x=11.113281, y=5.937986])";"30";"turtlesim2.sim2";"1759148570.694188545";"./src/turtle.cpp:update:288"
"Oh no! I hit the wall! (Clamping from [x=11.113281, y=5.958699])";"30";"turtlesim1.sim1";"1759148570.694144337";"./src/turtle.cpp:update:288"
"Oh no! I hit the wall! (Clamping from [x=11.113281, y=5.875848])";"30";"turtlesim3.sim3";"1759148570.686743349";"./src/turtle.cpp:update:288"
"Oh no! I hit the wall! (Clamping from [x=11.113281, y=5.937986])";"30";"turtlesim1.sim1";"1759148570.678333587";"./src/turtle.cpp:update:288"
"Oh no! I hit the wall! (Clamping from [x=11.113281, y=5.917273])";"30";"turtlesim2.sim2";"1759148570.677481535";"./src/turtle.cpp:update:288"
"Oh no! I hit the wall! (Clamping from [x=11.113281, y=5.855135])";"30";"turtlesim3.sim3";"1759148570.670987355";"./src/turtle.cpp:update:288"
"Oh no! I hit the wall! (Clamping from [x=11.113281, y=5.917273])";"30";"turtlesim1.sim1";"1759148570.662501816";"./src/turtle.cpp:update:288"
"Oh no! I hit the wall! (Clamping from [x=11.113281, y=5.813710])";"30";"turtlesim3.sim3";"1759148570.639462726";"./src/turtle.cpp:update:288"
"Oh no! I hit the wall! (Clamping from [x=11.113281, y=5.834422])";"30";"turtlesim2.sim2";"1759148570.614221218";"./src/turtle.cpp:update:288"
"Oh no! I hit the wall! (Clamping from [x=11.113281, y=5.855135])";"30";"turtlesim1.sim1";"1759148570.614032369";"./src/turtle.cpp:update:288"
"Oh no! I hit the wall! (Clamping from [x=11.113281, y=5.772284])";"30";"turtlesim3.sim3";"1759148570.606942381";"./src/turtle.cpp:update:288"
"Oh no! I hit the wall! (Clamping from [x=11.113281, y=5.834422])";"30";"turtlesim1.sim1";"1759148570.598206395";"./src/turtle.cpp:update:288"
"Oh no! I hit the wall! (Clamping from [x=11.113281, y=5.813710])";"30";"turtlesim2.sim2";"1759148570.597987515";"./src/turtle.cpp:update:288"
"Oh no! I hit the wall! (Clamping from [x=11.113281, y=5.751572])";"30";"turtlesim3.sim3";"1759148570.591189530";"./src/turtle.cpp:update:288"
"Oh no! I hit the wall! (Clamping from [x=11.113281, y=5.813710])";"30";"turtlesim1.sim1";"1759148570.582393830";"./src/turtle.cpp:update:288"
"Oh no! I hit the wall! (Clamping from [x=11.113281, y=5.792997])";"30";"turtlesim2.sim2";"1759148570.582280689";"./src/turtle.cpp:update:288"
"Oh no! I hit the wall! (Clamping from [x=11.113281, y=5.730859])";"30";"turtlesim3.sim3";"1759148570.575442196";"./src/turtle.cpp:update:288"
"Oh no! I hit the wall! (Clamping from [x=11.113281, y=5.792997])";"30";"turtlesim1.sim1";"1759148570.566584548";"./src/turtle.cpp:update:288"
"Oh no! I hit the wall! (Clamping from [x=11.113281, y=5.772284])";"30";"turtlesim2.sim2";"1759148570.566032808";"./src/turtle.cpp:update:288"
"Oh no! I hit the wall! (Clamping from [x=11.113281, y=5.710146])";"30";"turtlesim3.sim3";"1759148570.558736302";"./src/turtle.cpp:update:288"
"Oh no! I hit the wall! (Clamping from [x=11.113281, y=5.751572])";"30";"turtlesim2.sim2";"1759148570.549878235";"./src/turtle.cpp:update:288"
"Oh no! I hit the wall! (Clamping from [x=11.113281, y=5.772284])";"30";"turtlesim1.sim1";"1759148570.549662917";"./src/turtle.cpp:update:288"
"Oh no! I hit the wall! (Clamping from [x=11.113281, y=5.689433])";"30";"turtlesim3.sim3";"1759148570.543028708";"./src/turtle.cpp:update:288"
"Oh no! I hit the wall! (Clamping from [x=11.113281, y=5.751572])";"30";"turtlesim1.sim1";"1759148570.534328899";"./src/turtle.cpp:update:288"
"Oh no! I hit the wall! (Clamping from [x=11.113281, y=5.730859])";"30";"turtlesim2.sim2";"1759148570.533731065";"./src/turtle.cpp:update:288"
"Oh no! I hit the wall! (Clamping from [x=11.113281, y=5.668721])";"30";"turtlesim3.sim3";"1759148570.527139248";"./src/turtle.cpp:update:288"
"Oh no! I hit the wall! (Clamping from [x=11.113281, y=5.730859])";"30";"turtlesim1.sim1";"1759148570.518397046";"./src/turtle.cpp:update:288"
"Oh no! I hit the wall! (Clamping from [x=11.113281, y=5.710146])";"30";"turtlesim2.sim2";"1759148570.518256667";"./src/turtle.cpp:update:288"
"Oh no! I hit the wall! (Clamping from [x=11.113281, y=5.648008])";"30";"turtlesim3.sim3";"1759148570.511412028";"./src/turtle.cpp:update:288"
"Oh no! I hit the wall! (Clamping from [x=11.113281, y=5.710146])";"30";"turtlesim1.sim1";"1759148570.502556266";"./src/turtle.cpp:update:288"
"Oh no! I hit the wall! (Clamping from [x=11.113281, y=5.668721])";"30";"turtlesim1.sim1";"1759148570.469892120";"./src/turtle.cpp:update:288"
"Oh no! I hit the wall! (Clamping from [x=11.113281, y=5.648008])";"30";"turtlesim2.sim2";"1759148570.469355886";"./src/turtle.cpp:update:288"
"Oh no! I hit the wall! (Clamping from [x=11.113281, y=5.585870])";"30";"turtlesim3.sim3";"1759148570.463310501";"./src/turtle.cpp:update:288"
"Oh no! I hit the wall! (Clamping from [x=11.113281, y=5.648008])";"30";"turtlesim1.sim1";"1759148570.454090939";"./src/turtle.cpp:update:288"
"Oh no! I hit the wall! (Clamping from [x=11.113281, y=5.627295])";"30";"turtlesim2.sim2";"1759148570.453654576";"./src/turtle.cpp:update:288"
"Oh no! I hit the wall! (Clamping from [x=11.113281, y=5.565157])";"30";"turtlesim3.sim3";"1759148570.446632334";"./src/turtle.cpp:update:288"
"Oh no! I hit the wall! (Clamping from [x=11.113281, y=5.627295])";"30";"turtlesim1.sim1";"1759148570.438339624";"./src/turtle.cpp:update:288"
"Oh no! I hit the wall! (Clamping from [x=11.113281, y=5.606583])";"30";"turtlesim2.sim2";"1759148570.437988746";"./src/turtle.cpp:update:288"
"Oh no! I hit the wall! (Clamping from [x=11.113281, y=5.606583])";"30";"turtlesim1.sim1";"1759148570.422572595";"./src/turtle.cpp:update:288"
"Oh no! I hit the wall! (Clamping from [x=11.113281, y=5.585870])";"30";"turtlesim2.sim2";"1759148570.422047465";"./src/turtle.cpp:update:288"
"Oh no! I hit the wall! (Clamping from [x=11.113281, y=5.565157])";"30";"turtlesim1.sim1";"1759148570.390059584";"./src/turtle.cpp:update:288"
"Oh no! I hit the wall! (Clamping from [x=11.120889, y=5.544445])";"30";"turtlesim3.sim3";"1759148570.078487243";"./src/turtle.cpp:update:288"
"Oh no! I hit the wall! (Clamping from [x=11.120889, y=5.544445])";"30";"turtlesim3.sim3";"1759148570.062785794";"./src/turtle.cpp:update:288"
"Oh no! I hit the wall! (Clamping from [x=11.120889, y=5.544445])";"30";"turtlesim3.sim3";"1759148570.047109208";"./src/turtle.cpp:update:288"
"Oh no! I hit the wall! (Clamping from [x=11.120889, y=5.544445])";"30";"turtlesim2.sim2";"1759148570.037968706";"./src/turtle.cpp:update:288"
"Oh no! I hit the wall! (Clamping from [x=11.120889, y=5.544445])";"30";"turtlesim3.sim3";"1759148570.030504933";"./src/turtle.cpp:update:288"
"Oh no! I hit the wall! (Clamping from [x=11.120889, y=5.544445])";"30";"turtlesim2.sim2";"1759148570.022264953";"./src/turtle.cpp:update:288"
"Oh no! I hit the wall! (Clamping from [x=11.120889, y=5.544445])";"30";"turtlesim1.sim1";"1759148570.021692541";"./src/turtle.cpp:update:288"
"Oh no! I hit the wall! (Clamping from [x=11.120889, y=5.544445])";"30";"turtlesim3.sim3";"1759148570.014931641";"./src/turtle.cpp:update:288"
"Oh no! I hit the wall! (Clamping from [x=11.120889, y=5.544445])";"30";"turtlesim1.sim1";"1759148570.005944229";"./src/turtle.cpp:update:288"
"Oh no! I hit the wall! (Clamping from [x=11.120889, y=5.544445])";"30";"turtlesim2.sim2";"1759148570.005629947";"./src/turtle.cpp:update:288"
"Oh no! I hit the wall! (Clamping from [x=11.120889, y=5.544445])";"30";"turtlesim1.sim1";"1759148569.974452356";"./src/turtle.cpp:update:288"
"Oh no! I hit the wall! (Clamping from [x=11.120889, y=5.544445])";"30";"turtlesim3.sim3";"1759148569.774625710";"./src/turtle.cpp:update:288"
"Oh no! I hit the wall! (Clamping from [x=11.120889, y=5.544445])";"30";"turtlesim2.sim2";"1759148569.574172945";"./src/turtle.cpp:update:288"
"Oh no! I hit the wall! (Clamping from [x=11.120889, y=5.544445])";"30";"turtlesim3.sim3";"1759148569.567133173";"./src/turtle.cpp:update:288"
"Oh no! I hit the wall! (Clamping from [x=11.120889, y=5.544445])";"30";"turtlesim1.sim1";"1759148569.557572092";"./src/turtle.cpp:update:288"
"Oh no! I hit the wall! (Clamping from [x=11.120889, y=5.544445])";"30";"turtlesim1.sim1";"1759148569.478079124";"./src/turtle.cpp:update:288"
"Oh no! I hit the wall! (Clamping from [x=11.120889, y=5.544445])";"30";"turtlesim3.sim3";"1759148569.470599567";"./src/turtle.cpp:update:288"
"Oh no! I hit the wall! (Clamping from [x=11.120889, y=5.544445])";"30";"turtlesim1.sim1";"1759148569.462340590";"./src/turtle.cpp:update:288"
"Oh no! I hit the wall! (Clamping from [x=11.120889, y=5.544445])";"30";"turtlesim2.sim2";"1759148569.461541267";"./src/turtle.cpp:update:288"
"Oh no! I hit the wall! (Clamping from [x=11.120889, y=5.544445])";"30";"turtlesim3.sim3";"1759148569.454925356";"./src/turtle.cpp:update:288"
"Oh no! I hit the wall! (Clamping from [x=11.120889, y=5.544445])";"30";"turtlesim1.sim1";"1759148569.429862571";"./src/turtle.cpp:update:288"
"Oh no! I hit the wall! (Clamping from [x=11.120889, y=5.544445])";"30";"turtlesim3.sim3";"1759148510.335110645";"./src/turtle.cpp:update:288"
"Oh no! I hit the wall! (Clamping from [x=11.120889, y=5.544445])";"30";"turtlesim3.sim3";"1759148510.318669840";"./src/turtle.cpp:update:288"
"Oh no! I hit the wall! (Clamping from [x=11.120889, y=5.544445])";"30";"turtlesim3.sim3";"1759148510.303139960";"./src/turtle.cpp:update:288"
"Oh no! I hit the wall! (Clamping from [x=11.120889, y=5.544445])";"30";"turtlesim2.sim2";"1759148510.294247345";"./src/turtle.cpp:update:288"
"Oh no! I hit the wall! (Clamping from [x=11.120889, y=5.544445])";"30";"turtlesim3.sim3";"1759148510.286629314";"./src/turtle.cpp:update:288"
"Oh no! I hit the wall! (Clamping from [x=11.120889, y=5.544445])";"30";"turtlesim2.sim2";"1759148510.278476795";"./src/turtle.cpp:update:288"
"Oh no! I hit the wall! (Clamping from [x=11.120889, y=5.544445])";"30";"turtlesim1.sim1";"1759148510.278456821";"./src/turtle.cpp:update:288"
"Oh no! I hit the wall! (Clamping from [x=11.120889, y=5.544445])";"30";"turtlesim3.sim3";"1759148510.271177026";"./src/turtle.cpp:update:288"
"Oh no! I hit the wall! (Clamping from [x=11.120889, y=5.544445])";"30";"turtlesim2.sim2";"1759148510.261874519";"./src/turtle.cpp:update:288"
"Oh no! I hit the wall! (Clamping from [x=11.120889, y=5.544445])";"30";"turtlesim1.sim1";"1759148510.261857688";"./src/turtle.cpp:update:288"
"Oh no! I hit the wall! (Clamping from [x=11.120889, y=5.544445])";"30";"turtlesim2.sim2";"1759148510.181584391";"./src/turtle.cpp:update:288"
"Oh no! I hit the wall! (Clamping from [x=11.120889, y=5.544445])";"30";"turtlesim3.sim3";"1759148510.175060826";"./src/turtle.cpp:update:288"
"Oh no! I hit the wall! (Clamping from [x=11.120889, y=5.544445])";"30";"turtlesim3.sim3";"1759148510.158478175";"./src/turtle.cpp:update:288"
"Oh no! I hit the wall! (Clamping from [x=11.120889, y=5.544445])";"30";"turtlesim1.sim1";"1759148510.117898496";"./src/turtle.cpp:update:288"
"Oh no! I hit the wall! (Clamping from [x=11.120889, y=5.544445])";"30";"turtlesim2.sim2";"1759148510.117839341";"./src/turtle.cpp:update:288"
"Oh no! I hit the wall! (Clamping from [x=11.120889, y=5.544445])";"30";"turtlesim3.sim3";"1759148510.110888144";"./src/turtle.cpp:update:288"
"Oh no! I hit the wall! (Clamping from [x=11.120889, y=5.544445])";"30";"turtlesim1.sim1";"1759148510.102354578";"./src/turtle.cpp:update:288"
"Oh no! I hit the wall! (Clamping from [x=11.120889, y=5.544445])";"30";"turtlesim2.sim2";"1759148510.102190244";"./src/turtle.cpp:update:288"
"Oh no! I hit the wall! (Clamping from [x=11.120889, y=5.544445])";"30";"turtlesim3.sim3";"1759148510.095339338";"./src/turtle.cpp:update:288"
"Oh no! I hit the wall! (Clamping from [x=11.120889, y=5.544445])";"30";"turtlesim1.sim1";"1759148510.085648170";"./src/turtle.cpp:update:288"
"Oh no! I hit the wall! (Clamping from [x=11.120889, y=5.544445])";"30";"turtlesim2.sim2";"1759148510.085536076";"./src/turtle.cpp:update:288"
"Oh no! I hit the wall! (Clamping from [x=11.120889, y=5.544445])";"30";"turtlesim3.sim3";"1759148510.078767442";"./src/turtle.cpp:update:288"
"Oh no! I hit the wall! (Clamping from [x=11.120889, y=5.544445])";"30";"turtlesim1.sim1";"1759148510.069952908";"./src/turtle.cpp:update:288"
"Oh no! I hit the wall! (Clamping from [x=11.120889, y=5.544445])";"30";"turtlesim2.sim2";"1759148510.069909188";"./src/turtle.cpp:update:288"
"Oh no! I hit the wall! (Clamping from [x=11.120889, y=5.544445])";"30";"turtlesim3.sim3";"1759148510.063224572";"./src/turtle.cpp:update:288"
"Oh no! I hit the wall! (Clamping from [x=11.120889, y=5.544445])";"30";"turtlesim1.sim1";"1759148510.054377213";"./src/turtle.cpp:update:288"
"Oh no! I hit the wall! (Clamping from [x=11.120889, y=5.544445])";"30";"turtlesim3.sim3";"1759148510.046785163";"./src/turtle.cpp:update:288"
"Oh no! I hit the wall! (Clamping from [x=11.120889, y=5.544445])";"30";"turtlesim1.sim1";"1759148510.037793235";"./src/turtle.cpp:update:288"
"Oh no! I hit the wall! (Clamping from [x=11.120889, y=5.544445])";"30";"turtlesim2.sim2";"1759148510.037427202";"./src/turtle.cpp:update:288"
"Oh no! I hit the wall! (Clamping from [x=11.120889, y=5.544445])";"30";"turtlesim3.sim3";"1759148510.031269251";"./src/turtle.cpp:update:288"
"Oh no! I hit the wall! (Clamping from [x=11.120889, y=5.544445])";"30";"turtlesim1.sim1";"1759148510.022212441";"./src/turtle.cpp:update:288"
"Oh no! I hit the wall! (Clamping from [x=11.120889, y=5.544445])";"30";"turtlesim2.sim2";"1759148510.021647434";"./src/turtle.cpp:update:288"
"Oh no! I hit the wall! (Clamping from [x=11.120889, y=5.544445])";"30";"turtlesim3.sim3";"1759148510.014723545";"./src/turtle.cpp:update:288"
"Oh no! I hit the wall! (Clamping from [x=11.120889, y=5.544445])";"30";"turtlesim1.sim1";"1759148510.005569867";"./src/turtle.cpp:update:288"
"Oh no! I hit the wall! (Clamping from [x=11.120889, y=5.544445])";"30";"turtlesim3.sim3";"1759148509.950480746";"./src/turtle.cpp:update:288"
"Oh no! I hit the wall! (Clamping from [x=11.112445, y=5.544445])";"30";"turtlesim2.sim2";"1759148507.526109583";"./src/turtle.cpp:update:288"
"Oh no! I hit the wall! (Clamping from [x=11.120889, y=5.544445])";"30";"turtlesim1.sim1";"1759148507.525833714";"./src/turtle.cpp:update:288"
"Oh no! I hit the wall! (Clamping from [x=11.112445, y=5.544445])";"30";"turtlesim1.sim1";"1759148507.510034114";"./src/turtle.cpp:update:288"
"Spawning turtle [turtle1] at x=[5.544445], y=[5.544445], theta=[0.000000]";"20";"turtlesim1.sim1";"1759148473.000440099";"./src/turtle_frame.cpp:spawnTurtle:248"
"Spawning turtle [turtle1] at x=[5.544445], y=[5.544445], theta=[0.000000]";"20";"turtlesim3.sim3";"1759148472.999395710";"./src/turtle_frame.cpp:spawnTurtle:248"
"Spawning turtle [turtle1] at x=[5.544445], y=[5.544445], theta=[0.000000]";"20";"turtlesim2.sim2";"1759148472.994162662";"./src/turtle_frame.cpp:spawnTurtle:248"
"Starting turtlesim with node name /turtlesim1/sim1";"20";"turtlesim1.sim1";"1759148472.982768950";"./src/turtle_frame.cpp:TurtleFrame:147"
"Starting turtlesim with node name /turtlesim3/sim3";"20";"turtlesim3.sim3";"1759148472.982352075";"./src/turtle_frame.cpp:TurtleFrame:147"
"Starting turtlesim with node name /turtlesim2/sim2";"20";"turtlesim2.sim2";"1759148472.976350507";"./src/turtle_frame.cpp:TurtleFrame:147"
